uuid,clip_number,episode_id,episode_name,show_name
6219dc84-d4e6-4954-8125-13b857333aeb,1,296klGcFy5PpaABNScLPDx,#2319 - Rick Doblin,The Joe Rogan Experience
65811c5b-09c9-4248-9361-3a16c1a21b6e,2,296klGcFy5PpaABNScLPDx,#2319 - Rick Doblin,The Joe Rogan Experience
6be392e1-8356-4a36-91a2-697b2bc985a0,1,2V5kWtoV3ph0sp0Pz7kYj3,"#2318 - Harold ""Sonny"" White",The Joe Rogan Experience
71df193c-12f3-4177-87a4-3387286023da,2,2V5kWtoV3ph0sp0Pz7kYj3,"#2318 - Harold ""Sonny"" White",The Joe Rogan Experience
9ffd80dc-cc74-4fa5-bfa8-13cc454c9aad,1,7yJ6AOEQRZutH41vCwkFHE,#2317 - Cody Tucker,The Joe Rogan Experience
17e983fc-7eef-4b78-9da8-a09264d43598,2,7yJ6AOEQRZutH41vCwkFHE,#2317 - Cody Tucker,The Joe Rogan Experience
6637a46b-8d0a-4d75-93b5-908178e9f8e5,1,7EOxEMKRE0P2OOsaAcCUnd,#2316 - Cameron Hanes,The Joe Rogan Experience
1c25988c-4feb-4e7b-beed-ea3bbf0f3d69,1,2Luy3cY7M1byuNetbFvchi,#2315 - José Andrés,The Joe Rogan Experience
48656539-e2f1-4122-9945-0771988e1f43,2,2Luy3cY7M1byuNetbFvchi,#2315 - José Andrés,The Joe Rogan Experience
1f447c56-b375-41a0-933d-991cf9a36627,3,2Luy3cY7M1byuNetbFvchi,#2315 - José Andrés,The Joe Rogan Experience
e4ccf758-2837-4960-89e3-b03a5dc62779,4,2Luy3cY7M1byuNetbFvchi,#2315 - José Andrés,The Joe Rogan Experience
64d17abd-dc96-4bb6-b92b-60e0e29f56f3,1,1bVRf3i6Qnfg3dwoQ72e47,#2314 - Hal Puthoff,The Joe Rogan Experience
459da6a6-b455-421a-9339-3188c3b8de3e,2,1bVRf3i6Qnfg3dwoQ72e47,#2314 - Hal Puthoff,The Joe Rogan Experience
51797dd7-e709-443b-a031-0f7f4c02892e,3,1bVRf3i6Qnfg3dwoQ72e47,#2314 - Hal Puthoff,The Joe Rogan Experience
8bedb3e7-a0c0-4e36-be6f-a8dbaaa36082,1,6lLAy1CCYOnvhjOQolWQkp,#2313 - Jillian Michaels,The Joe Rogan Experience
c50e3965-e7ba-415a-8d49-57a02940a974,2,6lLAy1CCYOnvhjOQolWQkp,#2313 - Jillian Michaels,The Joe Rogan Experience
cdd2c6b5-589a-488b-90b1-32500cf7ed5d,1,4bpFFLlUJUzqnDX4csB8j6,#2312 - Jeremy Renner,The Joe Rogan Experience
f839c522-fd01-4a4b-a565-45fb1b053e2d,2,4bpFFLlUJUzqnDX4csB8j6,#2312 - Jeremy Renner,The Joe Rogan Experience
4839fb06-2445-4814-803c-73feeaad8168,3,4bpFFLlUJUzqnDX4csB8j6,#2312 - Jeremy Renner,The Joe Rogan Experience
4ef0f8fb-af0e-4fa4-a43c-ca4d418f2d62,1,5NRetZ8tCO3TV9D95OdFGR,#2311 - Jeremie & Edouard Harris,The Joe Rogan Experience
47c0a751-c35b-4140-929b-0e8192845121,1,5gtxltcuubwatumQOAUqBY,#2310 - Robert Rodriguez,The Joe Rogan Experience
7c8b12f2-6fca-43ec-8aab-50c9dbad848a,2,5gtxltcuubwatumQOAUqBY,#2310 - Robert Rodriguez,The Joe Rogan Experience
38043662-4a2a-42b2-97d1-9dac388cac9e,3,5gtxltcuubwatumQOAUqBY,#2310 - Robert Rodriguez,The Joe Rogan Experience
623de0f6-8dd8-4e1e-abf5-1a666f44f908,4,5gtxltcuubwatumQOAUqBY,#2310 - Robert Rodriguez,The Joe Rogan Experience
